,x0,x1,label
0,-0.7019715081932604,-1.9973970065532436,0.0
1,-1.082958580702711,-1.8361086241181819,0.0
2,-0.6113868771395845,-1.0516238369260429,0.0
3,-0.08618208615518483,-1.133777840739921,0.0
4,-1.1404920248340016,-1.5125409563784888,0.0
5,-1.1404821741695084,-1.4296035700147307,0.0
6,-0.05247231069556516,-0.733401062526945,0.0
7,-0.5395391625082547,-1.854942833301498,0.0
8,-1.2816846315609713,-1.1717415712979773,0.0
9,-0.6744639738484213,-1.6213155914603363,0.0
10,-1.2780506156874774,-1.6306087219363323,0.0
11,-1.279437852142154,-0.8407338888076858,0.0
12,-0.8548226370603795,-1.004750190607182,0.0
13,-2.1479681467946787,-1.011894218399617,0.0
14,-2.0349506995078195,-0.7167127157074026,0.0
15,-1.3373725175445836,-1.4873976950203445,0.0
16,-1.6076986722006543,-1.0908282172230217,0.0
17,-0.8114516004428357,-1.6861600539560737,0.0
18,-1.5448144453127266,-1.3055001885069348,0.0
19,-1.847382220801175,-1.5780858326206106,0.0
20,-0.1206107386470676,-1.4418024210043692,0.0
21,-1.1354657802919215,-1.1429057847378519,0.0
22,-0.9594830771872457,-1.9909324099400836,0.0
23,-1.854848911728074,-0.2445676345887239,0.0
24,-1.3266296347151096,-2.103610428899821,0.0
25,-0.9334464461740803,-2.2285131676726393,0.0
26,-1.6905961464533816,-0.8051334758999593,0.0
27,-0.7745811889925969,-1.0250023836222384,0.0
28,-1.360383213951283,-1.1255281097687069,0.0
29,-1.175016249875966,-1.1229926944414321,0.0
30,-1.361023967337638,-1.5073480637081487,0.0
31,0.11136691070536263,-2.038352622891499,0.0
32,-1.0080983348427603,-1.454517265083764,0.0
33,-1.63462655737354,-1.906297026907267,0.0
34,-0.5064730527380866,-0.9149281599493493,0.0
35,-1.7325061899826133,-1.588234428901283,0.0
36,-0.8746818429971468,-1.9952983180755068,0.0
37,-2.175802074327865,-1.6928315049917961,0.0
38,-1.7969116293390583,-1.2522411274346252,0.0
39,-0.8818832584785259,-1.838234731682385,0.0
40,-0.5569200520027537,-1.9933322373398588,0.0
41,-0.8971790312860177,-1.3537876731048526,0.0
42,-1.0693889694329444,-1.3530200573347664,0.0
43,-1.1806622173535732,-1.804165905222678,0.0
44,-1.8871131942204564,-1.7826229833709937,0.0
45,-1.4319065250368253,-1.3607700375854181,0.0
46,-1.2763832625758724,-2.3688506048983946,0.0
47,-0.3657266642686506,-2.3444782646259332,0.0
48,-0.7938290262589232,-1.9310665327514616,0.0
49,-2.0578240932176404,-1.6280682910271083,0.0
50,-0.805549618363123,-1.3134554606411972,0.0
51,-1.2310493682497898,-0.6147862698302689,0.0
52,-1.4061532001835753,-0.9854042260787884,0.0
53,-0.6329942266954793,-1.5959631179780562,0.0
54,-0.38140028650242946,-1.5114097247416134,0.0
55,-0.44123192853028087,-2.1015176187826854,0.0
56,-1.503530513933583,-1.511107881595434,0.0
57,-1.1855274255107286,-1.6731951833520826,0.0
58,-0.8012419411578616,-1.3063688637971462,0.0
59,-0.4146729237265845,-1.9963385661313937,0.0
60,-1.287504542707174,-1.1883920914552966,0.0
61,-1.1113953859982904,-0.5803566521984534,0.0
62,-1.6638009844036168,-1.5652560890741145,0.0
63,-1.7177239744484025,-1.258972966740635,0.0
64,-0.5124845065634812,-1.0859136049733324,0.0
65,-0.18625598285750627,-1.7407322831315017,0.0
66,-1.0432060729482002,-1.3655445109137498,0.0
67,-0.39788026126478554,-1.492444559530923,0.0
68,-0.7830183849714195,-1.441394340870701,0.0
69,-1.3870718527630745,-1.96380587031328,0.0
70,-0.7831626366949517,-1.4852938954446344,0.0
71,-0.07717806012041852,-1.2012010252527303,0.0
72,-1.021495623465971,-0.629313835322975,0.0
73,-0.061213806511596434,-0.924437504348876,0.0
74,-2.5718470624538465,-0.20809052549306625,0.0
75,-0.5068584973748658,-1.9604085377328297,0.0
76,-0.9477717590570972,-0.9766076179675931,0.0
77,-1.1794044102795207,-1.389994796556989,0.0
78,-0.9449435340786986,-0.18611824006939667,0.0
79,-2.192541348760536,-1.984978971213091,0.0
80,-1.131803132702507,-2.0038331053084657,0.0
81,-0.7857324570929521,-1.8596355872664132,0.0
82,-0.11326357315509038,-2.774337434585884,0.0
83,-1.3109621309641883,-1.8154530130084565,0.0
84,-1.4850961617359126,-1.9554795969322187,0.0
85,-1.3010542261507219,-1.4097637281142754,0.0
86,-0.45075872937875555,-1.2949464145337044,0.0
87,-0.8027493342041894,-0.3742974964704683,0.0
88,-1.3178561222602232,-0.9297456970883698,0.0
89,-0.6920395401319863,-1.8461421933974418,0.0
90,-0.9417534703911757,-2.0390488028090146,0.0
91,-0.41881300568026647,-1.2048484970960966,0.0
92,-1.4212318563264115,-2.2921399242123854,0.0
93,-1.1965972879586608,-0.4011247404873878,0.0
94,-1.2352648918792946,-0.7923359275672278,0.0
95,-1.8781089688792711,-1.781505391262823,0.0
96,-0.8223278337612544,-2.5278807174545266,0.0
97,-0.8433668366920664,-0.687676575500752,0.0
98,-0.9969319260145234,-1.5687239071515708,0.0
99,-1.1407522800250884,-0.7573102128159229,0.0
100,-1.8492224452302486,-2.45665659527662,0.0
101,-1.2523871936592155,-1.8596250137722636,0.0
102,-1.2056287099160616,-1.4968537801690902,0.0
103,-1.4813663615329713,-1.4718116437411548,0.0
104,-1.0967714269996054,-1.7700392828875462,0.0
105,-0.7575694859112769,-1.1262900405915008,0.0
106,0.13171154072631808,-2.1405722576295565,0.0
107,-0.8952533123008967,-1.585427691012776,0.0
108,-0.8454697655663416,-1.4278226209728606,0.0
109,-1.0446675494597002,-1.1913366995647505,0.0
110,-2.151262729179425,-1.0730310731466663,0.0
111,-1.0159083252695302,-2.1747852551027216,0.0
112,-0.9638618740353841,-2.4204685024413735,0.0
113,0.4779452674911716,-0.7333939068608946,0.0
114,-1.1154165788686734,-1.300611592812245,0.0
115,-0.8190715945998325,-1.9490919219339322,0.0
116,-1.020827061823146,-0.5693088146864863,0.0
117,-1.7012068225717192,-1.4305952194242848,0.0
118,-0.3143063112909877,-0.7924216895617041,0.0
119,-0.5488401803879356,-1.4594889111539346,0.0
120,-0.5253808317741718,-0.2635512450708078,0.0
121,-1.5456324728768434,-0.4467954945340774,0.0
122,-0.15832341343834053,-1.649378489087444,0.0
123,-1.8411106376753685,-0.9170574294273868,0.0
124,-0.6478857437198379,-1.1127744302489115,0.0
125,0.3142733754859871,-0.6788210654805908,0.0
126,-1.594321795078413,-2.0789540763480625,0.0
127,-1.3397786377616632,-1.0883691240009363,0.0
128,-0.9402091809474152,-0.8649453078902474,0.0
129,-1.3020853924697195,-2.5552436918538683,0.0
130,-1.9303980586396796,-2.2099551075994652,0.0
131,-0.9588622151163836,-2.7235393066560603,0.0
132,-1.637382228235663,-1.6616441006667346,0.0
133,-0.7158445416188911,-1.0694746465224227,0.0
134,-1.551654540540282,-0.5985857687423832,0.0
135,-0.07003935698947611,-1.4555431317481349,0.0
136,-1.4699519754017423,-0.5228306726572249,0.0
137,-1.1932369097234052,-2.328060874928935,0.0
138,-0.5118896695781981,-2.5220294636130927,0.0
139,-1.738518589860373,-1.5333286193379714,0.0
140,-0.8635240392375223,-1.2695607306364156,0.0
141,-0.21571434743054316,-1.5196168488564559,0.0
142,-1.9644899407367364,-2.740465260023926,0.0
143,-0.8892196848806174,-1.5534720237076731,0.0
144,-0.8440703234509459,-2.282681700302912,0.0
145,-0.530906276933614,-1.098196470701977,0.0
146,-1.7421704265268492,-1.280041052341891,0.0
147,-1.7922739678505657,-2.0639278717964133,0.0
148,-0.6868350606298614,-1.808320150402016,0.0
149,-0.8218091960600884,-2.135528113133371,0.0
150,-0.849704289792474,-1.5376074583639032,0.0
151,-0.7921310743018145,-0.926914607699257,0.0
152,-1.4080148329470945,-2.091435627801326,0.0
153,-0.8606477817033978,-1.1975720906892933,0.0
154,-0.8241565160207912,-1.8181545710234646,0.0
155,-1.4286108508158206,-1.9757236993574065,0.0
156,0.1194647066868539,-1.5642182159727347,0.0
157,-0.7157002474529275,-2.1211453934516245,0.0
158,-1.7147820983215891,-1.8321895832083093,0.0
159,-0.6060678348197022,-2.218726735553309,0.0
160,-1.5848090021363928,-0.32116492025016646,0.0
161,-0.5277492377545288,-1.478841868816963,0.0
162,-0.3048426525955576,-1.9198353047955512,0.0
163,-1.4924093910110263,-1.371612053559467,0.0
164,-0.42197432245340694,-1.5673968298144978,0.0
165,-0.752331443838101,-1.6325817597199335,0.0
166,-0.5067639040033061,-1.131499979973945,0.0
167,0.13807578959236838,-1.0454953739716168,0.0
168,-1.1472328696017222,-1.8183006885663164,0.0
169,-1.4522416986144937,-1.845490944386808,0.0
170,-1.533708657775314,-1.6650310182909864,0.0
171,-1.489486170979263,-2.8811526988413507,0.0
172,-1.0462610256484626,-2.409114637319131,0.0
173,-0.795308815110014,-0.6798754395332853,0.0
174,-0.8339855204019886,-0.5130193718992299,0.0
175,-0.5036900505783858,-1.649421623733827,0.0
176,-0.9921988648732558,-1.15406582216654,0.0
177,-0.1278795537056099,-1.3132499072738784,0.0
178,-1.1587940999427737,0.34732848507314257,0.0
179,0.6321014999537712,-0.828255053139254,0.0
180,-0.6245995913409963,-1.57675055488846,0.0
181,-1.5142945338497695,-2.0733242643602554,0.0
182,-1.6425354988366674,-2.4638677921545433,0.0
183,-0.7105165508540888,-1.3779218184796662,0.0
184,-1.1340776711955105,-1.953810447170582,0.0
185,-0.5715997035447449,-2.3533522257586044,0.0
186,-0.7160574252558731,-1.887943730545516,0.0
187,-1.0436973475941236,-2.148928802168637,0.0
188,-1.508076230841043,-0.4877150189564612,0.0
189,-1.9089083348115188,-0.9710161458303297,0.0
190,-1.2679089712402127,-1.5047835847899704,0.0
191,-0.48616072340591665,-0.6120335166659843,0.0
192,-0.8715437535218776,-1.453579015411429,0.0
193,-1.7474432672271927,-2.016770520796958,0.0
194,-0.8960914444892908,-0.5861255536382057,0.0
195,-0.768809572162698,-1.1766539737892048,0.0
196,-1.5303144617206799,-2.122347692595874,0.0
197,-0.9077649364326833,-1.6142032068501648,0.0
198,-0.9650747689324001,-2.0253709520308543,0.0
199,-1.6857821786983738,-2.3296798385786017,0.0
200,-0.7853275837910301,-0.9442934714810152,0.0
201,-0.6635292841790594,-0.35435001571792174,0.0
202,-0.3501692540948338,-2.3391405442914848,0.0
203,-0.36771876877905824,-1.1622184579856576,0.0
204,-1.8266016207742546,-1.8903855414730963,0.0
205,-1.5626950239490736,-1.7922752302588176,0.0
206,-0.6909788396748041,-1.8554363545433215,0.0
207,-0.6917284294526748,-2.0183944618078895,0.0
208,-0.6909713882163714,-1.4708870232331037,0.0
209,1.3116388943928323,-1.9985700698466227,0.0
210,-0.6574656935840998,-1.3377259045320966,0.0
211,-0.3186606158916407,-1.5301428656694822,0.0
212,-0.42759894190407866,-1.6433688281198457,0.0
213,-0.6091652492165213,-2.0445381972249588,0.0
214,-1.1891615467842074,-1.8460627983409996,0.0
215,-0.5446184677040397,-1.0467652645045464,0.0
216,-1.463695128722543,-1.1994496874253715,0.0
217,-1.1420911640440052,-2.086533146879131,0.0
218,-1.291218128697462,-1.4404006167424646,0.0
219,-0.9508755163682064,-1.0491677259769265,0.0
220,0.38879514000410514,-2.501643168672823,0.0
221,-2.1203591155550487,-1.173983884572039,0.0
222,-0.5882438857752919,-1.897574255367508,0.0
223,-1.967629522713791,-1.1576407988441044,0.0
224,-1.28315911947366,-1.9579554939255102,0.0
225,-0.3466296418195802,-2.5829292603987115,0.0
226,-0.9614319885427224,-2.4765254627298976,0.0
227,-1.6466468667575835,-1.4711490320031708,0.0
228,-1.429182225555981,-1.344166498967111,0.0
229,-0.5922413506391945,-2.0425899750626453,0.0
230,-1.438219979030282,-1.1168445247335756,0.0
231,-0.8701248462508151,-2.496912037361376,0.0
232,-0.9726568960577118,-1.5396478791883899,0.0
233,-1.39096020856349,-2.226609719857474,0.0
234,0.28636645359519536,-1.8911016646812955,0.0
235,-0.6196485866091933,-1.4715607972101516,0.0
236,-2.215085551994564,-2.0162480191703716,0.0
237,-0.8881274111383434,-1.7307333265378952,0.0
238,-1.3970718788610328,-0.8962243144713357,0.0
239,-0.48853999912226564,-1.8461351217138893,0.0
240,-1.4755124430596205,-0.998584732760915,0.0
241,-1.0688418648801394,-2.1778241127945708,0.0
242,-0.6970076326117257,-1.1821174932508303,0.0
243,-0.4805468834979271,-0.6350588276052598,0.0
244,-1.7201778442334656,-2.9829867000763737,0.0
245,-1.200700741504569,-1.978137153282286,0.0
246,-1.2849671866965737,-1.153756723691676,0.0
247,-1.3919975395442272,-1.6218272316257956,0.0
248,0.059272544168658084,-1.2773124759772148,0.0
249,-0.7570109734234267,-1.8623911120294923,0.0
250,-1.756530372601027,-1.4480461275162602,0.0
251,-0.44928283176713435,-1.5934063412352477,0.0
252,0.2732937182075799,-0.7993307630041157,0.0
253,-0.38052084366931194,-1.3473474940192722,0.0
254,-1.911621979572408,-1.2974384027548787,0.0
255,-1.2905404437197507,-1.7471261796734805,0.0
256,-0.23985331048802638,-1.7925637344434961,0.0
257,-1.4246016793712684,-1.7595349126917725,0.0
258,-0.733708343112263,-1.2633287145730219,0.0
259,-0.535219567942398,-1.7525906884921578,0.0
260,-1.5561582829468497,-1.3261350858621523,0.0
261,-1.03571521363708,-0.254759520812737,0.0
262,-2.9447604040414435,-0.9773251779409846,0.0
263,-1.6146325848005738,-1.6956141193007046,0.0
264,-1.1515408908358962,-0.7792716467016331,0.0
265,-1.7486699091789097,-1.7448452238129308,0.0
266,-0.020553217641018886,-2.722874721106712,0.0
267,-1.8580848267763796,-2.1048517865504426,0.0
268,-1.2640266920181902,-2.6224751526155132,0.0
269,-0.9215556536283452,-1.710908090424785,0.0
270,-0.13523602656033074,-1.488948972486269,0.0
271,-1.8615172907076636,-0.4941376126348304,0.0
272,-0.3021017487070243,-1.3038435757415023,0.0
273,-0.9938601633882478,-1.6314603172853186,0.0
274,-1.5889051906287706,-1.0023566512899065,0.0
275,-0.7227379154420376,-2.826681185404731,0.0
276,-0.880564182655918,-1.3586312651348604,0.0
277,-1.3601301262952767,-1.03748088366782,0.0
278,-0.9581187490059887,-2.3871517474679047,0.0
279,-1.2311881581170558,-0.8137475740758425,0.0
280,-0.9318895928492512,-1.2969021555033515,0.0
281,-0.6027215952873722,-1.7491727483404809,0.0
282,-0.048389910312788796,-1.120330880336229,0.0
283,-1.7426892992961094,-0.13758428531736253,0.0
284,0.27982002479375995,-1.3908802469649029,0.0
285,-2.171252679713501,-1.3510676482197983,0.0
286,-1.09107105702135,-1.7756165397241466,0.0
287,-0.6470096761092543,-2.009906621678875,0.0
288,-0.8314048793589803,-1.0017985100734526,0.0
289,-1.3736197118923563,-2.0136502955453204,0.0
290,-1.1248733502143653,-1.4570602576683644,0.0
291,-1.2958005607952998,-1.78659446805907,0.0
292,-1.353618854166527,-1.2126121045521647,0.0
293,-0.490238741787385,-1.2998027368278309,0.0
294,-0.7857907084209717,-0.8774760334452604,0.0
295,-1.4157457571563925,-1.8060098393128483,0.0
296,-0.4602400747400496,-1.6619249611760227,0.0
297,-0.8156202874740344,-2.087258229469384,0.0
298,-0.512282728696624,-1.7665759560456669,0.0
299,-0.6222226948458327,-1.2736197041730888,0.0
300,1.6055908933162815,1.358071316211031,1.0
301,0.2622677406578996,0.8246628313708476,1.0
302,1.6956847360845282,1.1201213760543722,1.0
303,2.084510287043961,1.9949163038251092,1.0
304,1.3307479225789607,1.2337693476139324,1.0
305,2.5014366500464527,1.1325055837093043,1.0
306,0.38096864071714154,0.14810070131405667,1.0
307,0.004276237350866319,1.6223774962190545,1.0
308,-0.42297619912342294,1.551838926798753,1.0
309,2.1968354491913464,2.614278306313822,1.0
310,1.5234925250832463,0.8845552355328997,1.0
311,0.955532263271636,1.2534052293647573,1.0
312,1.2239749010558563,1.2745685785975287,1.0
313,0.09960876216129874,2.204217295834432,1.0
314,2.956601583693461,1.0332931273291337,1.0
315,1.103376945580182,1.2953150680392376,1.0
316,1.0875158356839143,1.5255275568015776,1.0
317,1.5806132991189539,1.2306263862094509,1.0
318,1.3848073853893705,0.7874964698146303,1.0
319,1.1791072194233052,1.2358629950288154,1.0
320,0.3676204356437504,1.8515422249018405,1.0
321,1.3771746857087965,0.381439290412258,1.0
322,2.505619597180027,1.1930787719028133,1.0
323,2.076336036923982,0.6099154295425788,1.0
324,2.274549301311518,1.9365326402473897,1.0
325,0.5910274588550518,0.03376916665135785,1.0
326,0.20831614379313526,0.7087547069098883,1.0
327,0.8993704639202815,1.3640483125451646,1.0
328,1.0445799298309557,2.195866820464038,1.0
329,1.8753532147767589,1.0539748172489087,1.0
330,-0.35397170377185555,0.7113603313147613,1.0
331,2.223640255568491,2.416809948608413,1.0
332,0.8735936811368085,0.08639026970862936,1.0
333,0.658495144042064,-0.4391641696340572,1.0
334,0.19031649979186577,1.4080101150373328,1.0
335,-0.3238853374926159,0.7485620429531723,1.0
336,1.6585364671695317,0.38513702800850086,1.0
337,1.058654373750723,1.5958495131095474,1.0
338,-0.03196871979284316,1.2706604996398392,1.0
339,-0.03606301765089294,0.7051449584842903,1.0
340,0.7313722405678974,0.20378692093037407,1.0
341,2.3352172202315145,1.7107201297961012,1.0
342,0.7923269189091161,1.5551408245710627,1.0
343,-0.202514362494485,1.030576895354432,1.0
344,0.8034055487312447,2.392645897233366,1.0
345,0.7818211442018638,0.35094066357169335,1.0
346,-1.1575093143532575,0.032132380352682975,1.0
347,0.9565641067857502,0.615664351083129,1.0
348,0.8152523758330577,1.0680897885511516,1.0
349,1.5569650918507347,1.2703376145258845,1.0
350,2.4791648759562763,0.9311347595005692,1.0
351,1.901252023638206,1.3464387775600077,1.0
352,0.7848890475561355,0.22392240306668915,1.0
353,0.11477927300666385,2.1106352228512817,1.0
354,3.0586878425998885,1.042494175125202,1.0
355,1.0473747472115906,1.8821070821116894,1.0
356,1.011143433530357,1.339907742464393,1.0
357,0.9806999303119974,1.4197272534076488,1.0
358,1.1584678086142843,1.4988370961625426,1.0
359,0.8845116704608458,1.4133959920121204,1.0
360,0.541070394495811,1.5499059319072808,1.0
361,0.5625128470076862,2.030406771092702,1.0
362,0.9737973838272013,1.237564818791029,1.0
363,0.565260183092988,1.5963026303119587,1.0
364,0.4297233738582685,1.0371850139989414,1.0
365,1.0851441821535175,2.108082050814631,1.0
366,0.7960182260633158,0.6265253885585114,1.0
367,2.203194390866151,2.360658303037571,1.0
368,-1.1207758467144098,1.0718894345489598,1.0
369,1.8732054815379695,0.09845742851736645,1.0
370,1.9968681539981032,1.1896730904375525,1.0
371,-0.6587121859265197,0.6232638397675835,1.0
372,0.725849924735721,1.688450484292107,1.0
373,0.7028473072033669,0.6431632144883264,1.0
374,-0.12600935577425704,0.7876715967496543,1.0
375,0.3777466499272997,-0.22267851166187153,1.0
376,0.11153932362733693,0.7833855765256464,1.0
377,2.4018163547388984,-0.5967155286402694,1.0
378,1.748542714517969,-0.008731976440006157,1.0
379,2.017244075995327,1.6322902593010082,1.0
380,1.577337651234588,1.6500601110555826,1.0
381,0.09675858302621676,1.3978202932494754,1.0
382,0.5803837869761811,0.423116699809551,1.0
383,1.3914996489823344,1.0666020507006142,1.0
384,0.022297752886443634,1.0974782226366022,1.0
385,1.5703987441379106,0.28914471756522053,1.0
386,0.8077396814734921,2.1523788112370053,1.0
387,0.7001433539603222,1.71415360340297,1.0
388,1.5687679745627934,0.9453250783192353,1.0
389,1.355410649188832,1.1188200872961716,1.0
390,0.7112270673447361,1.2458679655632867,1.0
391,1.9274638426913986,-0.3292144078970033,1.0
392,0.1351493379200821,0.9269758322355822,1.0
393,1.492748485555411,0.6226110264015411,1.0
394,1.4744810063747071,0.3988659930735593,1.0
395,0.7523628485488077,0.9032297949798317,1.0
396,1.2609064177936944,2.358380568794666,1.0
397,-0.0008908611082426021,1.5485900028869068,1.0
398,1.739221615365521,0.7001747071520423,1.0
399,0.8520782908456088,1.500807946949311,1.0
400,0.5818215835847683,2.0795488056102016,1.0
401,1.8392073806695115,1.7472435780389381,1.0
402,0.4365250475657926,1.141741258944122,1.0
403,-0.12676903709084777,0.6471442556060983,1.0
404,-0.24530333881912306,1.5887563195295131,1.0
405,1.4848079610765117,1.375439769795225,1.0
406,-0.02434348199702653,1.7266352540194125,1.0
407,2.403835345587492,1.5446202611773787,1.0
408,-0.6655435263069778,1.8346869007235347,1.0
409,2.357165094632031,0.7253353519076026,1.0
410,1.1688139737620948,2.022175845944028,1.0
411,0.9226295105036861,1.2383197232846799,1.0
412,0.5640647305528403,2.5526826108376857,1.0
413,1.3193088914816566,0.6175685273373026,1.0
414,0.9698922380601213,2.3151746622156746,1.0
415,1.8826415056132175,1.2385375484238534,1.0
416,1.0913821189296318,0.6440073974698862,1.0
417,1.120241409169502,0.761279916161975,1.0
418,0.7091102302289153,0.875756884263976,1.0
419,0.954443501023146,1.3969161624813415,1.0
420,1.2462414151136474,1.4659848416248498,1.0
421,-0.36813471412530036,0.6984099972429948,1.0
422,-0.07854833768457048,1.082951785417312,1.0
423,1.594611275218172,2.5995892510283047,1.0
424,1.1366923505023534,2.309280219070498,1.0
425,0.8528133309178567,1.4054265687718226,1.0
426,1.0147471464523146,1.1266024347177404,1.0
427,1.278065364289337,1.1840219287027829,1.0
428,0.5681922557525108,1.5294625809112916,1.0
429,0.37735621967814986,0.3840452043611162,1.0
430,1.1566762040781453,0.9198364238036585,1.0
431,0.2173017779079743,-0.06800885171431276,1.0
432,1.3266022045715775,1.3794561858236956,1.0
433,-0.3620668833902724,1.5530371577919189,1.0
434,1.8233245098605149,0.7617694763904383,1.0
435,1.3780779859304344,2.2017907343030227,1.0
436,1.2048237874511005,0.24196403589836143,1.0
437,1.7861527871564111,0.07493758385312617,1.0
438,2.3323795555700615,1.2571162729919805,1.0
439,1.8114960520145045,1.8329688118285081,1.0
440,-0.47269938506531634,2.278749384020508,1.0
441,-0.023661573388561286,0.7787810159917421,1.0
442,0.5001451378434569,1.855076583401907,1.0
443,1.020872840168667,1.073044071349505,1.0
444,1.4141272163752985,0.9791608900414264,1.0
445,0.4194049494772275,1.7185619562406707,1.0
446,1.1494134115816628,1.5566260148893938,1.0
447,0.3956936541173419,-0.0034745098889744164,1.0
448,0.5107857576064414,2.133578244808127,1.0
449,-0.12532887747857788,2.066063947903216,1.0
450,0.26141340311127653,0.6621061089433296,1.0
451,-0.08134768449306697,1.3770624734061865,1.0
452,0.21930139761813378,1.4458211303979172,1.0
453,1.8429134372862717,1.282471636076735,1.0
454,0.24048088893444555,0.7147863923082061,1.0
455,3.1059056518699126,0.629863642443364,1.0
456,1.3946543207047113,1.0821121503059883,1.0
457,1.1478688989558992,1.9209103134815553,1.0
458,0.3133137758550293,1.4805201082161028,1.0
459,1.560247903527193,0.8405699675397259,1.0
460,0.5394897390097808,1.6401890974538413,1.0
461,1.097607851716289,-0.8939798344410526,1.0
462,3.048067630615036,1.9041359902604724,1.0
463,0.9231520802202801,-0.11779964514466958,1.0
464,1.9194186610285406,0.8462913410178076,1.0
465,0.43745885989929006,0.31623107376169945,1.0
466,0.9720092076024306,0.19372296699536629,1.0
467,2.416640508508408,1.9125787511649635,1.0
468,0.49842635376978606,0.7726091590816762,1.0
469,2.4499588463975432,1.342552717211501,1.0
470,1.5662015483643803,1.0671555947845712,1.0
471,0.5500265792845859,1.433928579056185,1.0
472,1.5059261912444166,1.1537753237421788,1.0
473,1.7780435597013837,0.2019054430680014,1.0
474,1.4974479697737573,1.797386773612998,1.0
475,-0.2561797759123652,0.7543703917870813,1.0
476,0.4182902593401051,0.010392670938174422,1.0
477,0.8019850915587962,0.8003193873238613,1.0
478,0.9404532567199629,2.1505318534440176,1.0
479,1.4965376780405424,1.695155219479445,1.0
480,1.142160800746603,0.8559435059144986,1.0
481,-0.06827548696808107,0.8555196069771,1.0
482,1.3041582808047705,0.8748554641478322,1.0
483,1.4884685962270585,2.5537235884925886,1.0
484,1.4478323583448318,1.3673548165620875,1.0
485,1.8646245804436974,1.4010291530337489,1.0
486,1.6671377236391234,1.8211984178222895,1.0
487,1.3673440633827494,1.2671524113185595,1.0
488,0.9438674308330824,0.9186704979255079,1.0
489,-0.32876874681279283,0.9625551056405153,1.0
490,1.3436945753060687,1.0498791184101552,1.0
491,1.166150149730489,1.073944434443111,1.0
492,1.2172630697562987,1.6093406805458859,1.0
493,-0.021398860656247777,1.1363621200651097,1.0
494,0.13515476767339005,1.6128480540509056,1.0
495,1.8425222826663228,1.0434983939239926,1.0
496,0.968355876914676,1.1550446332212636,1.0
497,1.5452005578980996,-0.29874047917247515,1.0
498,1.0226547009043674,1.741429372291737,1.0
499,1.0238049115965946,1.342541933128595,1.0
500,1.7506270447807981,1.7986070769017566,1.0
501,0.5871642174261008,-0.9273787647355822,1.0
502,1.0768966215527866,2.5618622933465094,1.0
503,0.6301797690359657,1.0022872602913784,1.0
504,0.6524030180541475,1.8757279717162616,1.0
505,0.7526623012250885,0.3720658510121285,1.0
506,1.1777070173069701,1.528941733543799,1.0
507,0.6170011026692183,0.36260910577844085,1.0
508,2.004604900458817,0.6633617275129365,1.0
509,0.2843141582243968,2.43982194770675,1.0
510,0.8505026846709127,0.9665223194656575,1.0
511,0.64821515338066,1.252203011225806,1.0
512,2.1575823074829863,1.7090474114821277,1.0
513,1.1572438212092597,1.4469773215808233,1.0
514,1.8254756315749079,1.2052932336005036,1.0
515,-0.18844829842957764,1.3554727017263577,1.0
516,1.2136402126954071,2.7823909096667925,1.0
517,1.7117046364987496,1.0596668420764903,1.0
518,1.0658271914203394,1.2407693327004774,1.0
519,1.852384300052281,1.8354580772053284,1.0
520,0.5861692399197023,1.8738681530705887,1.0
521,2.127477952148464,1.9309212138922662,1.0
522,2.8391184988954,1.5471111554204293,1.0
523,0.7097291516482728,0.29989656108866164,1.0
524,0.6435979828793825,2.2434020726107673,1.0
525,2.162707581694161,0.2975582248869186,1.0
526,2.26365771658457,1.3118448256673234,1.0
527,0.5817119782773853,0.5720069049864496,1.0
528,0.663850546323314,1.0551031573849052,1.0
529,0.7745723129115941,1.3301336872124365,1.0
530,-0.0755604088274217,1.3249500508151912,1.0
531,0.26507844281264137,1.3953445279646994,1.0
532,0.19668738659834567,2.2295978883410528,1.0
533,0.3857619479166972,1.4174740110597859,1.0
534,0.9722520900905751,0.9290903552965459,1.0
535,1.1873717860292161,1.7748610178018505,1.0
536,2.2404003942512616,1.9326293422472485,1.0
537,0.20131676740896717,0.24067452940410541,1.0
538,1.7874579187812671,1.5181800488949007,1.0
539,0.8288089246195929,1.5908209196176288,1.0
540,0.9604290322780537,0.8917055476480057,1.0
541,1.539855593733283,2.062994769318134,1.0
542,0.10182238275016106,0.9949610890772311,1.0
543,1.3059277969472405,1.1879035174300798,1.0
544,1.1331617665704448,0.9788497230012914,1.0
545,1.393961011206519,1.1109053333070273,1.0
546,1.2313349151262545,0.3326074391733589,1.0
547,2.9642401119287154,0.0919643821839941,1.0
548,0.4898080125989472,2.2161535442574807,1.0
549,0.5752024359985458,0.5071270561771707,1.0
550,0.5014875788601885,0.4060253553805851,1.0
551,0.5556183046717963,-0.40737307952260016,1.0
552,0.49009029815478583,0.6527267766173485,1.0
553,1.9512132248860414,0.17383714461475117,1.0
554,2.136403398391884,2.2494106120954585,1.0
555,0.543402965000419,1.806871962539844,1.0
556,0.334115541516617,0.6182947583755934,1.0
557,1.3771324451091234,2.676705063741016,1.0
558,0.5582215645752228,1.787235840894116,1.0
559,1.506345454204409,0.8726180315439643,1.0
560,1.1623384166810398,-0.6495840004115007,1.0
561,-0.21259529199778562,2.703659800813519,1.0
562,2.2380041610640493,0.12729927326548293,1.0
563,2.4367021384764174,-0.051779122869824105,1.0
564,0.5097690476124912,1.8157993024067483,1.0
565,0.6898387520512127,2.807826684437491,1.0
566,1.228692312579924,2.0689909729573626,1.0
567,1.2675654319896201,1.4947363840366519,1.0
568,1.5268354181382644,1.5163280391657001,1.0
569,2.60816363101308,1.6973908911462154,1.0
570,0.8584422180047605,1.6312500128507357,1.0
571,0.361362204369237,1.2968339967785631,1.0
572,-0.10345538241162183,1.1729407727663133,1.0
573,0.4152559680464647,1.0561848104703344,1.0
574,0.9734984217009623,0.5722247877933268,1.0
575,2.4356462908142302,0.9035274461932583,1.0
576,0.5859109607710629,-0.08506976993676967,1.0
577,1.1790303613111188,1.0311622612436753,1.0
578,0.9868616831417983,0.4079862249943578,1.0
579,1.9507146187584672,0.3274874779489603,1.0
580,3.0215459406988976,1.225925905807435,1.0
581,0.5753049816637434,2.0744016004412194,1.0
582,0.6084484459854222,1.7428216242016192,1.0
583,1.8353287016552577,0.0006495774637759442,1.0
584,1.5455131917010492,0.40726030440076383,1.0
585,2.477365860588827,1.758539831591751,1.0
586,1.4671425482607712,0.4122588245231834,1.0
587,0.7125663273703523,0.9427567950020829,1.0
588,1.4725238645538474,1.4850364693171865,1.0
589,1.8869628644663263,0.42215888159545545,1.0
590,1.6563857449578914,1.173762854302172,1.0
591,1.4058192248858383,0.16618215355725705,1.0
592,1.8533397516713233,0.6790426492341505,1.0
593,1.9354364723565383,1.323847353899776,1.0
594,2.1057271928300216,-0.015095613472168342,1.0
595,1.5189679100717142,1.4083323165722794,1.0
596,0.8663055357465165,1.0862535407513232,1.0
597,1.1173709491466584,1.4867429680920037,1.0
598,1.9652071732066856,1.2567398938452632,1.0
599,0.3464514632102111,2.054898300981691,1.0
600,-4.0,0.050089801059162914,2.0
601,-3.9732441471571907,0.29011541570058985,2.0
602,-3.9464882943143813,0.7010157293442276,2.0
603,-3.919732441471572,1.014625669179844,2.0
604,-3.8929765886287626,0.9386377558797214,2.0
605,-3.8662207357859533,1.0420715667922311,2.0
606,-3.839464882943144,0.8410363840471504,2.0
607,-3.8127090301003346,0.9444882810553193,2.0
608,-3.7859531772575252,0.7299104619091329,2.0
609,-3.759197324414716,2.066737964104988,2.0
610,-3.7324414715719065,0.940815113144153,2.0
611,-3.705685618729097,1.2287908069787912,2.0
612,-3.678929765886288,1.2828204517518478,2.0
613,-3.6521739130434785,1.9894187107163603,2.0
614,-3.625418060200669,1.5720922835839248,2.0
615,-3.5986622073578594,2.2454159056801397,2.0
616,-3.57190635451505,1.5310162015410584,2.0
617,-3.5451505016722407,1.9641386011424986,2.0
618,-3.5183946488294313,1.568727200014577,2.0
619,-3.491638795986622,2.809586878273018,2.0
620,-3.4648829431438126,1.5236067216974232,2.0
621,-3.4381270903010033,2.168257541069333,2.0
622,-3.411371237458194,2.3421816886964506,2.0
623,-3.3846153846153846,2.297274479065371,2.0
624,-3.3578595317725752,2.0995406968866317,2.0
625,-3.331103678929766,2.1625125705744352,2.0
626,-3.3043478260869565,2.2716952664987256,2.0
627,-3.277591973244147,2.2340992968071784,2.0
628,-3.250836120401338,2.7162306289662657,2.0
629,-3.2240802675585285,3.251762036021577,2.0
630,-3.197324414715719,2.180566596388915,2.0
631,-3.17056856187291,1.8908274615689504,2.0
632,-3.1438127090301005,2.437831262701792,2.0
633,-3.117056856187291,3.5386658467131964,2.0
634,-3.0903010033444818,2.2182230102883427,2.0
635,-3.0635451505016724,3.227550902126344,2.0
636,-3.0367892976588626,3.2745224243960913,2.0
637,-3.0100334448160533,2.4128954838166248,2.0
638,-2.983277591973244,2.8921860353179096,2.0
639,-2.9565217391304346,3.3456079335696187,2.0
640,-2.9297658862876252,2.571668908956063,2.0
641,-2.903010033444816,2.6703913869505915,2.0
642,-2.8762541806020065,2.547104943589297,2.0
643,-2.849498327759197,2.4012950706347462,2.0
644,-2.822742474916388,2.5743893542792264,2.0
645,-2.7959866220735785,2.370923641448482,2.0
646,-2.769230769230769,2.90004308565657,2.0
647,-2.74247491638796,2.6038539954240973,2.0
648,-2.7157190635451505,3.030327257615241,2.0
649,-2.688963210702341,2.3389719918434526,2.0
650,-2.6622073578595318,3.117758595149515,2.0
651,-2.6354515050167224,3.3424638215954463,2.0
652,-2.608695652173913,2.234783268912756,2.0
653,-2.5819397993311037,3.204714586068941,2.0
654,-2.5551839464882944,3.568572267921354,2.0
655,-2.528428093645485,2.615667971402358,2.0
656,-2.5016722408026757,3.790188354637195,2.0
657,-2.4749163879598663,3.310025283274028,2.0
658,-2.448160535117057,2.881302070874164,2.0
659,-2.4214046822742477,3.161526435696734,2.0
660,-2.3946488294314383,3.427337160711207,2.0
661,-2.367892976588629,3.2542326191392985,2.0
662,-2.3411371237458196,3.458815050396215,2.0
663,-2.3143812709030103,2.8941896556755298,2.0
664,-2.287625418060201,3.349019988050475,2.0
665,-2.2608695652173916,2.734282194457186,2.0
666,-2.2341137123745822,3.273451093959582,2.0
667,-2.207357859531773,2.974238388339023,2.0
668,-2.1806020066889635,3.0591408061385783,2.0
669,-2.153846153846154,3.86503762396212,2.0
670,-2.127090301003345,3.8240728451375396,2.0
671,-2.100334448160535,3.6478578283910013,2.0
672,-2.0735785953177257,2.983640901247359,2.0
673,-2.0468227424749164,3.310079845842122,2.0
674,-2.020066889632107,3.937677314256273,2.0
675,-1.9933110367892977,3.5246416542360874,2.0
676,-1.9665551839464883,4.41092872522609,2.0
677,-1.939799331103679,3.6554950212443384,2.0
678,-1.9130434782608696,3.589690929504562,2.0
679,-1.8862876254180603,3.403663861982303,2.0
680,-1.859531772575251,3.5949049736104213,2.0
681,-1.8327759197324416,3.4944209628952905,2.0
682,-1.8060200668896322,3.852317792960133,2.0
683,-1.779264214046823,3.9651687294343123,2.0
684,-1.7525083612040135,3.281256374155582,2.0
685,-1.7257525083612042,3.07607693427161,2.0
686,-1.6989966555183948,2.8867621623920883,2.0
687,-1.6722408026755855,3.836873827645811,2.0
688,-1.6454849498327762,3.2045248966653426,2.0
689,-1.6187290969899668,2.7966731889347254,2.0
690,-1.591973244147157,3.824984710252507,2.0
691,-1.5652173913043477,4.678245109323851,2.0
692,-1.5384615384615383,3.689879327691735,2.0
693,-1.511705685618729,4.038738843231756,2.0
694,-1.4849498327759196,3.7468835973607533,2.0
695,-1.4581939799331103,3.685181755910401,2.0
696,-1.431438127090301,4.102732317152865,2.0
697,-1.4046822742474916,3.6291361967293203,2.0
698,-1.3779264214046822,3.8621291956045187,2.0
699,-1.351170568561873,3.8935613377212923,2.0
700,-1.3244147157190636,3.5071413381858263,2.0
701,-1.2976588628762542,4.180476738950719,2.0
702,-1.2709030100334449,3.7227467151073825,2.0
703,-1.2441471571906355,3.499293425468175,2.0
704,-1.2173913043478262,4.024847815724969,2.0
705,-1.1906354515050168,3.45930200930297,2.0
706,-1.1638795986622075,3.8382012942453927,2.0
707,-1.1371237458193981,3.831316493311585,2.0
708,-1.1103678929765888,4.277154492366876,2.0
709,-1.0836120401337794,4.0403058859436305,2.0
710,-1.05685618729097,3.847845486425019,2.0
711,-1.0301003344481607,4.192192974207334,2.0
712,-1.0033444816053514,4.428201283714065,2.0
713,-0.976588628762542,4.102076900053214,2.0
714,-0.9498327759197327,3.8897320837758658,2.0
715,-0.9230769230769234,3.3672995503440952,2.0
716,-0.8963210702341136,3.472237302740175,2.0
717,-0.8695652173913042,3.7822482609787675,2.0
718,-0.8428093645484949,3.6663961849421565,2.0
719,-0.8160535117056855,3.841083880459484,2.0
720,-0.7892976588628762,3.9440129514836615,2.0
721,-0.7625418060200668,4.138520705900275,2.0
722,-0.7357859531772575,3.9035455251574147,2.0
723,-0.7090301003344481,4.131258671229375,2.0
724,-0.6822742474916388,3.967173006768526,2.0
725,-0.6555183946488294,3.155734765766846,2.0
726,-0.6287625418060201,3.5745389553118665,2.0
727,-0.6020066889632107,3.8968039956307794,2.0
728,-0.5752508361204014,3.474541797077749,2.0
729,-0.548494983277592,4.202187191997576,2.0
730,-0.5217391304347827,4.578127898499698,2.0
731,-0.49498327759197336,4.45676053426345,2.0
732,-0.468227424749164,3.887123711125969,2.0
733,-0.44147157190635467,4.5718536665627445,2.0
734,-0.4147157190635453,4.037910255363387,2.0
735,-0.38795986622073597,3.8463070486537054,2.0
736,-0.3612040133779266,3.7382970098606276,2.0
737,-0.3344481605351173,3.865005656246799,2.0
738,-0.30769230769230793,3.8328773946806534,2.0
739,-0.2809364548494986,4.058288630982515,2.0
740,-0.25418060200668924,4.056145450947467,2.0
741,-0.22742474916387945,3.994747922597066,2.0
742,-0.2006688963210701,4.1697385961469084,2.0
743,-0.17391304347826075,4.472476003158382,2.0
744,-0.1471571906354514,4.3771138327949854,2.0
745,-0.12040133779264206,3.404228341720911,2.0
746,-0.09364548494983271,2.9773352111890192,2.0
747,-0.06688963210702337,4.373168647530849,2.0
748,-0.04013377926421402,3.453047175536597,2.0
749,-0.013377926421404673,3.9100714680659507,2.0
750,0.013377926421404673,3.5319324183992804,2.0
751,0.04013377926421402,3.2790064798707577,2.0
752,0.06688963210702337,4.216025774317055,2.0
753,0.09364548494983271,4.30256572927086,2.0
754,0.12040133779264206,3.7675833688101847,2.0
755,0.1471571906354514,2.960875261760492,2.0
756,0.17391304347826075,3.7777197139428527,2.0
757,0.2006688963210701,4.151684930409387,2.0
758,0.22742474916387945,3.401964887026049,2.0
759,0.2541806020066888,4.065259826439183,2.0
760,0.28093645484949814,3.9839982023631224,2.0
761,0.3076923076923075,4.21986472193758,2.0
762,0.33444816053511683,4.0338256782077115,2.0
763,0.3612040133779262,3.5944304989243814,2.0
764,0.3879598662207355,4.4597700377667175,2.0
765,0.4147157190635449,3.9150314432717552,2.0
766,0.4414715719063542,3.9646413960187914,2.0
767,0.46822742474916357,3.599193675868774,2.0
768,0.4949832775919729,3.7919428931079198,2.0
769,0.5217391304347823,3.611906479951459,2.0
770,0.5484949832775916,3.8930372760297254,2.0
771,0.575250836120401,4.64310308627113,2.0
772,0.6020066889632103,3.405678560746883,2.0
773,0.6287625418060196,3.304848553688672,2.0
774,0.655518394648829,4.534389523305839,2.0
775,0.6822742474916383,3.8576537699837314,2.0
776,0.7090301003344477,3.669028918234928,2.0
777,0.735785953177257,4.347706911339482,2.0
778,0.7625418060200664,3.684397388262837,2.0
779,0.7892976588628757,4.651756866943593,2.0
780,0.816053511705686,4.18704275018937,2.0
781,0.8428093645484953,3.715036502547589,2.0
782,0.8695652173913047,4.767261428026836,2.0
783,0.896321070234114,3.6559967987689888,2.0
784,0.9230769230769234,4.1888721920878815,2.0
785,0.9498327759197327,4.005308068001111,2.0
786,0.976588628762542,4.399649293271988,2.0
787,1.0033444816053514,4.496722742797881,2.0
788,1.0301003344481607,3.8778881141535253,2.0
789,1.05685618729097,3.556489121784603,2.0
790,1.0836120401337794,4.0344154499672955,2.0
791,1.1103678929765888,3.5717101181334017,2.0
792,1.1371237458193981,4.640318990979916,2.0
793,1.1638795986622075,3.8815429637308365,2.0
794,1.1906354515050168,3.6725605814945412,2.0
795,1.2173913043478262,3.884116000642771,2.0
796,1.2441471571906355,3.2627409734534343,2.0
797,1.2709030100334449,3.404085002381285,2.0
798,1.2976588628762542,4.26382536231388,2.0
799,1.3244147157190636,3.5116198080544874,2.0
800,1.351170568561873,3.3461178221701107,2.0
801,1.3779264214046822,3.969833370986672,2.0
802,1.4046822742474916,4.21952767626998,2.0
803,1.431438127090301,4.022683048223784,2.0
804,1.4581939799331103,4.123156691509185,2.0
805,1.4849498327759196,3.411433818513943,2.0
806,1.511705685618729,3.134618266754362,2.0
807,1.5384615384615383,4.292841153089888,2.0
808,1.5652173913043477,3.5519733668138804,2.0
809,1.591973244147157,3.5692200618581023,2.0
810,1.6187290969899664,4.189107082855342,2.0
811,1.6454849498327757,3.8683635428951564,2.0
812,1.672240802675585,3.8160324057134374,2.0
813,1.6989966555183944,4.487245249593841,2.0
814,1.7257525083612038,3.351162823542664,2.0
815,1.752508361204013,3.966788209591257,2.0
816,1.7792642140468224,3.6052930526753126,2.0
817,1.8060200668896318,3.6765112338300003,2.0
818,1.8327759197324411,4.16679626801252,2.0
819,1.8595317725752505,3.7446229142133585,2.0
820,1.8862876254180598,3.742628879283157,2.0
821,1.9130434782608692,3.94187421783247,2.0
822,1.9397993311036785,3.352186793669436,2.0
823,1.9665551839464879,3.1475130422978097,2.0
824,1.9933110367892972,3.0500312111717127,2.0
825,2.0200668896321066,2.665895598514199,2.0
826,2.046822742474916,4.259126077696172,2.0
827,2.0735785953177253,2.979282660827718,2.0
828,2.1003344481605346,3.315701130593822,2.0
829,2.127090301003344,3.2768234769442643,2.0
830,2.1538461538461533,3.493563033001586,2.0
831,2.1806020066889635,3.6796476681902037,2.0
832,2.207357859531773,3.679990840268837,2.0
833,2.2341137123745822,3.0847105430714867,2.0
834,2.2608695652173916,3.2329193077046137,2.0
835,2.287625418060201,3.3943076386313638,2.0
836,2.3143812709030103,3.1629826424338576,2.0
837,2.3411371237458196,3.8862508838256646,2.0
838,2.367892976588629,3.4202204432296344,2.0
839,2.3946488294314383,3.497957510122445,2.0
840,2.4214046822742477,3.4489865742267813,2.0
841,2.448160535117057,3.6326963561716576,2.0
842,2.4749163879598663,3.2148263030090924,2.0
843,2.5016722408026757,2.6024266207197746,2.0
844,2.528428093645485,3.259399559579897,2.0
845,2.5551839464882944,2.8169619134153057,2.0
846,2.5819397993311037,2.8436452854300094,2.0
847,2.608695652173913,3.2668231334433755,2.0
848,2.6354515050167224,3.5043654655253307,2.0
849,2.6622073578595318,2.993915132958157,2.0
850,2.688963210702341,3.084863455364489,2.0
851,2.7157190635451505,3.6176988707530366,2.0
852,2.74247491638796,3.0081445596429814,2.0
853,2.769230769230769,3.927082944025037,2.0
854,2.7959866220735785,3.0867036064060027,2.0
855,2.822742474916388,2.129795268643302,2.0
856,2.849498327759197,3.1085344113537063,2.0
857,2.8762541806020065,2.9322406631218656,2.0
858,2.903010033444816,3.2677246326246348,2.0
859,2.9297658862876252,2.992592545859041,2.0
860,2.9565217391304346,2.6388668907246937,2.0
861,2.983277591973244,2.174873509128053,2.0
862,3.0100334448160533,2.5507214775854123,2.0
863,3.0367892976588626,2.263233917081795,2.0
864,3.063545150501672,2.339694800026829,2.0
865,3.0903010033444813,2.7751241992444795,2.0
866,3.1170568561872907,3.1747439133920325,2.0
867,3.1438127090301,2.6310126939714866,2.0
868,3.1705685618729094,1.9603954285865077,2.0
869,3.1973244147157187,2.581404377680106,2.0
870,3.224080267558528,2.846205430043298,2.0
871,3.2508361204013374,2.086765820520549,2.0
872,3.2775919732441468,2.2392932307894076,2.0
873,3.304347826086956,2.260045955598761,2.0
874,3.3311036789297654,1.9004815252349105,2.0
875,3.357859531772575,2.432967933975259,2.0
876,3.384615384615384,2.0833755806416603,2.0
877,3.4113712374581935,2.256483913886423,2.0
878,3.438127090301003,1.6893323858576828,2.0
879,3.464882943143812,1.8236627691798646,2.0
880,3.4916387959866215,2.2404797702947716,2.0
881,3.518394648829431,1.753732760481774,2.0
882,3.545150501672241,2.543326476746339,2.0
883,3.5719063545150505,1.6405579769927643,2.0
884,3.59866220735786,1.8361929669113992,2.0
885,3.625418060200669,2.063108487649972,2.0
886,3.6521739130434785,1.064102666765371,2.0
887,3.678929765886288,0.8658598331872164,2.0
888,3.705685618729097,0.8956903602691161,2.0
889,3.7324414715719065,1.9433940486715398,2.0
890,3.759197324414716,1.1461640084732334,2.0
891,3.7859531772575252,2.3142322848963115,2.0
892,3.8127090301003346,0.9839496086127433,2.0
893,3.839464882943144,1.1956535804486674,2.0
894,3.8662207357859533,1.6426788713378286,2.0
895,3.8929765886287626,1.7215308830130889,2.0
896,3.919732441471572,1.621907888219848,2.0
897,3.9464882943143813,1.1354432203685711,2.0
898,3.9732441471571907,0.8715026424752761,2.0
899,4.0,0.23701077968047324,2.0
900,-4.0,0.3113444304666551,2.0
901,-3.9732441471571907,-0.6823519186821044,2.0
902,-3.9464882943143813,-0.979376281500237,2.0
903,-3.919732441471572,-0.7986562405296697,2.0
904,-3.8929765886287626,-0.987167576759411,2.0
905,-3.8662207357859533,-1.2071261100415882,2.0
906,-3.839464882943144,-0.8432780801871664,2.0
907,-3.8127090301003346,-0.8275265646474943,2.0
908,-3.7859531772575252,-1.2555898161122714,2.0
909,-3.759197324414716,-0.7758952344081076,2.0
910,-3.7324414715719065,-1.895036052954069,2.0
911,-3.705685618729097,-1.5834166698090413,2.0
912,-3.678929765886288,-1.8569122862206489,2.0
913,-3.6521739130434785,-2.3780636067678076,2.0
914,-3.625418060200669,-1.7231444292378157,2.0
915,-3.5986622073578594,-1.7950180799639595,2.0
916,-3.57190635451505,-1.1950325539417535,2.0
917,-3.5451505016722407,-1.6002162624310667,2.0
918,-3.5183946488294313,-2.312540751050162,2.0
919,-3.491638795986622,-1.209890200629987,2.0
920,-3.4648829431438126,-1.5102326110990871,2.0
921,-3.4381270903010033,-1.8114901755910755,2.0
922,-3.411371237458194,-2.179264575863544,2.0
923,-3.3846153846153846,-2.5155305347741637,2.0
924,-3.3578595317725752,-2.322538470866136,2.0
925,-3.331103678929766,-1.7789414025861314,2.0
926,-3.3043478260869565,-1.5003361553332382,2.0
927,-3.277591973244147,-1.6756026861496984,2.0
928,-3.250836120401338,-2.526218750962811,2.0
929,-3.2240802675585285,-2.815399808700641,2.0
930,-3.197324414715719,-2.347208811627567,2.0
931,-3.17056856187291,-3.146124399625722,2.0
932,-3.1438127090301005,-2.3438769963683814,2.0
933,-3.117056856187291,-2.5658231461709367,2.0
934,-3.0903010033444818,-2.726107438223532,2.0
935,-3.0635451505016724,-3.2097854068554357,2.0
936,-3.0367892976588626,-2.3980020561376287,2.0
937,-3.0100334448160533,-2.847411116364587,2.0
938,-2.983277591973244,-3.1325595379279148,2.0
939,-2.9565217391304346,-3.8431541696308633,2.0
940,-2.9297658862876252,-2.7343259673713125,2.0
941,-2.903010033444816,-2.042922892323639,2.0
942,-2.8762541806020065,-2.1152736233496063,2.0
943,-2.849498327759197,-2.9900362655464017,2.0
944,-2.822742474916388,-3.0749851964503416,2.0
945,-2.7959866220735785,-2.6729900457233753,2.0
946,-2.769230769230769,-3.2857638740281963,2.0
947,-2.74247491638796,-2.7911265279197677,2.0
948,-2.7157190635451505,-2.6303807815450657,2.0
949,-2.688963210702341,-2.4705569607711806,2.0
950,-2.6622073578595318,-3.025468132855713,2.0
951,-2.6354515050167224,-3.0905217370226628,2.0
952,-2.608695652173913,-3.3834705606439623,2.0
953,-2.5819397993311037,-3.3858440997458565,2.0
954,-2.5551839464882944,-3.168096227692648,2.0
955,-2.528428093645485,-2.9525781761523686,2.0
956,-2.5016722408026757,-2.7557255494088135,2.0
957,-2.4749163879598663,-3.4636892597997475,2.0
958,-2.448160535117057,-2.566231385593719,2.0
959,-2.4214046822742477,-3.292283507176844,2.0
960,-2.3946488294314383,-3.2125533134418927,2.0
961,-2.367892976588629,-3.5227151342334633,2.0
962,-2.3411371237458196,-4.213008757526844,2.0
963,-2.3143812709030103,-2.9088409343628565,2.0
964,-2.287625418060201,-2.9865380995990707,2.0
965,-2.2608695652173916,-3.4122990160664637,2.0
966,-2.2341137123745822,-3.2911452316091134,2.0
967,-2.207357859531773,-3.1294257578432987,2.0
968,-2.1806020066889635,-3.978371125929102,2.0
969,-2.153846153846154,-3.5822214248164626,2.0
970,-2.127090301003345,-3.069842925051101,2.0
971,-2.100334448160535,-3.9059183492958303,2.0
972,-2.0735785953177257,-3.303142834249739,2.0
973,-2.0468227424749164,-3.9792759475694046,2.0
974,-2.020066889632107,-3.265866241291189,2.0
975,-1.9933110367892977,-3.482211481699119,2.0
976,-1.9665551839464883,-4.129249635595616,2.0
977,-1.939799331103679,-3.0322721437037212,2.0
978,-1.9130434782608696,-3.806707913627769,2.0
979,-1.8862876254180603,-3.851411422469056,2.0
980,-1.859531772575251,-3.461260932805131,2.0
981,-1.8327759197324416,-3.0959539576760218,2.0
982,-1.8060200668896322,-3.9754030498760557,2.0
983,-1.779264214046823,-3.55781586277729,2.0
984,-1.7525083612040135,-3.4241255582265326,2.0
985,-1.7257525083612042,-3.3313278727894637,2.0
986,-1.6989966555183948,-3.550667689522517,2.0
987,-1.6722408026755855,-3.780488432514123,2.0
988,-1.6454849498327762,-3.9769076273943798,2.0
989,-1.6187290969899668,-3.623371872897169,2.0
990,-1.591973244147157,-4.098408873234364,2.0
991,-1.5652173913043477,-4.849585495748578,2.0
992,-1.5384615384615383,-3.5176837706446253,2.0
993,-1.511705685618729,-3.341768597016621,2.0
994,-1.4849498327759196,-4.6593248281584625,2.0
995,-1.4581939799331103,-4.128629899070833,2.0
996,-1.431438127090301,-3.4874400195556783,2.0
997,-1.4046822742474916,-2.9222478265201013,2.0
998,-1.3779264214046822,-3.7468547869055944,2.0
999,-1.351170568561873,-4.05608339173454,2.0
1000,-1.3244147157190636,-3.847536096084982,2.0
1001,-1.2976588628762542,-3.233709231476836,2.0
1002,-1.2709030100334449,-4.0511162894353605,2.0
1003,-1.2441471571906355,-4.121268291925414,2.0
1004,-1.2173913043478262,-4.00334128716962,2.0
1005,-1.1906354515050168,-4.20002064532287,2.0
1006,-1.1638795986622075,-3.7778607048998234,2.0
1007,-1.1371237458193981,-3.1850927085814424,2.0
1008,-1.1103678929765888,-3.7135645567878326,2.0
1009,-1.0836120401337794,-3.9513679936421644,2.0
1010,-1.05685618729097,-3.974580777489294,2.0
1011,-1.0301003344481607,-4.490362778005881,2.0
1012,-1.0033444816053514,-3.5188743532482762,2.0
1013,-0.976588628762542,-3.91008765631759,2.0
1014,-0.9498327759197327,-3.957783001274764,2.0
1015,-0.9230769230769234,-2.6147910161462145,2.0
1016,-0.8963210702341136,-3.77878160462405,2.0
1017,-0.8695652173913042,-4.205054562758709,2.0
1018,-0.8428093645484949,-4.080744104288088,2.0
1019,-0.8160535117056855,-3.45649411797496,2.0
1020,-0.7892976588628762,-3.8760448173097126,2.0
1021,-0.7625418060200668,-4.501954795484529,2.0
1022,-0.7357859531772575,-3.56405346255097,2.0
1023,-0.7090301003344481,-4.203915647914491,2.0
1024,-0.6822742474916388,-3.1920641303574593,2.0
1025,-0.6555183946488294,-3.5139021660225356,2.0
1026,-0.6287625418060201,-4.129201871102869,2.0
1027,-0.6020066889632107,-3.442032473225381,2.0
1028,-0.5752508361204014,-3.9312774900032306,2.0
1029,-0.548494983277592,-3.6211062299502066,2.0
1030,-0.5217391304347827,-3.771934438644429,2.0
1031,-0.49498327759197336,-4.3077984555808735,2.0
1032,-0.468227424749164,-4.2299207924250375,2.0
1033,-0.44147157190635467,-3.5635788847902994,2.0
1034,-0.4147157190635453,-4.11235340532516,2.0
1035,-0.38795986622073597,-4.1426008223977195,2.0
1036,-0.3612040133779266,-4.365707107016744,2.0
1037,-0.3344481605351173,-3.816553904604666,2.0
1038,-0.30769230769230793,-3.1631381543998867,2.0
1039,-0.2809364548494986,-4.417135307734029,2.0
1040,-0.25418060200668924,-3.982228075858418,2.0
1041,-0.22742474916387945,-3.4286412923695284,2.0
1042,-0.2006688963210701,-4.026819884746655,2.0
1043,-0.17391304347826075,-3.815268774743952,2.0
1044,-0.1471571906354514,-4.422249589877207,2.0
1045,-0.12040133779264206,-3.826864690217813,2.0
1046,-0.09364548494983271,-4.073761371151621,2.0
1047,-0.06688963210702337,-3.605148684763195,2.0
1048,-0.04013377926421402,-3.5248442342768653,2.0
1049,-0.013377926421404673,-2.964152172015579,2.0
1050,0.013377926421404673,-3.7681243595375937,2.0
1051,0.04013377926421402,-3.869480128269899,2.0
1052,0.06688963210702337,-3.9216869624042054,2.0
1053,0.09364548494983271,-4.140170182274076,2.0
1054,0.12040133779264206,-3.862793991716196,2.0
1055,0.1471571906354514,-4.1154527426740675,2.0
1056,0.17391304347826075,-3.928833102736,2.0
1057,0.2006688963210701,-3.467924314005185,2.0
1058,0.22742474916387945,-4.396146540647557,2.0
1059,0.2541806020066888,-3.535964434075903,2.0
1060,0.28093645484949814,-3.4632761150963742,2.0
1061,0.3076923076923075,-4.0353755328935765,2.0
1062,0.33444816053511683,-4.834735490445488,2.0
1063,0.3612040133779262,-4.226786870114776,2.0
1064,0.3879598662207355,-3.4623436184764778,2.0
1065,0.4147157190635449,-3.987590497402096,2.0
1066,0.4414715719063542,-4.375284104740729,2.0
1067,0.46822742474916357,-4.174410827989339,2.0
1068,0.4949832775919729,-3.6330077829827028,2.0
1069,0.5217391304347823,-3.7471341382816674,2.0
1070,0.5484949832775916,-4.057788539666973,2.0
1071,0.575250836120401,-4.105149458940067,2.0
1072,0.6020066889632103,-4.111142277536954,2.0
1073,0.6287625418060196,-4.3192371866387695,2.0
1074,0.655518394648829,-3.2997711165206183,2.0
1075,0.6822742474916383,-4.070311428529013,2.0
1076,0.7090301003344477,-3.449794605368696,2.0
1077,0.735785953177257,-3.323218615612071,2.0
1078,0.7625418060200664,-3.5273192448983988,2.0
1079,0.7892976588628757,-4.094001106612038,2.0
1080,0.816053511705686,-3.7543803655190184,2.0
1081,0.8428093645484953,-3.9198793083622365,2.0
1082,0.8695652173913047,-4.265818887012686,2.0
1083,0.896321070234114,-3.768539055281683,2.0
1084,0.9230769230769234,-4.36364995974808,2.0
1085,0.9498327759197327,-3.4105192804538884,2.0
1086,0.976588628762542,-4.064799696431827,2.0
1087,1.0033444816053514,-3.791654401758004,2.0
1088,1.0301003344481607,-3.751771305908762,2.0
1089,1.05685618729097,-3.961418259404707,2.0
1090,1.0836120401337794,-3.6157490722015395,2.0
1091,1.1103678929765888,-4.032757728683254,2.0
1092,1.1371237458193981,-3.486445172986369,2.0
1093,1.1638795986622075,-4.365320703396441,2.0
1094,1.1906354515050168,-3.76813737020082,2.0
1095,1.2173913043478262,-3.0346722786734937,2.0
1096,1.2441471571906355,-4.201724019107543,2.0
1097,1.2709030100334449,-4.063828605995487,2.0
1098,1.2976588628762542,-3.5780966592725436,2.0
1099,1.3244147157190636,-3.7025448068672064,2.0
1100,1.351170568561873,-3.624630175533463,2.0
1101,1.3779264214046822,-3.5594974179166923,2.0
1102,1.4046822742474916,-3.491357426980073,2.0
1103,1.431438127090301,-3.2912217871752683,2.0
1104,1.4581939799331103,-3.5608101544154533,2.0
1105,1.4849498327759196,-3.8106549157891445,2.0
1106,1.511705685618729,-3.434313052970007,2.0
1107,1.5384615384615383,-2.9323549183496063,2.0
1108,1.5652173913043477,-3.734098800903764,2.0
1109,1.591973244147157,-4.059364990308378,2.0
1110,1.6187290969899664,-3.2149971584009296,2.0
1111,1.6454849498327757,-3.6940240047163315,2.0
1112,1.672240802675585,-4.502745115286409,2.0
1113,1.6989966555183944,-3.2822756407732387,2.0
1114,1.7257525083612038,-3.8227013900762903,2.0
1115,1.752508361204013,-3.631865471280426,2.0
1116,1.7792642140468224,-3.4496956704888726,2.0
1117,1.8060200668896318,-3.4928744503730704,2.0
1118,1.8327759197324411,-3.271628170591892,2.0
1119,1.8595317725752505,-3.715683159925446,2.0
1120,1.8862876254180598,-3.322068128392871,2.0
1121,1.9130434782608692,-3.616689953942116,2.0
1122,1.9397993311036785,-3.202643693131589,2.0
1123,1.9665551839464879,-3.237049915628191,2.0
1124,1.9933110367892972,-3.8421303695979643,2.0
1125,2.0200668896321066,-3.0180453877945865,2.0
1126,2.046822742474916,-3.6510286037656625,2.0
1127,2.0735785953177253,-3.097342887803933,2.0
1128,2.1003344481605346,-3.2572876546675946,2.0
1129,2.127090301003344,-2.6522753261817837,2.0
1130,2.1538461538461533,-3.4599867468266865,2.0
1131,2.1806020066889635,-3.493079501621764,2.0
1132,2.207357859531773,-3.3435692872800318,2.0
1133,2.2341137123745822,-3.4392134316327723,2.0
1134,2.2608695652173916,-2.9797912324423583,2.0
1135,2.287625418060201,-3.927799901810679,2.0
1136,2.3143812709030103,-3.683932060565818,2.0
1137,2.3411371237458196,-3.6704338220493447,2.0
1138,2.367892976588629,-2.8437074257849035,2.0
1139,2.3946488294314383,-2.519761046669748,2.0
1140,2.4214046822742477,-3.225613754174805,2.0
1141,2.448160535117057,-3.2308355024535316,2.0
1142,2.4749163879598663,-3.1143968142823373,2.0
1143,2.5016722408026757,-2.656408078858837,2.0
1144,2.528428093645485,-3.4704656325550696,2.0
1145,2.5551839464882944,-2.9821570778381234,2.0
1146,2.5819397993311037,-2.6650129062169405,2.0
1147,2.608695652173913,-2.8318398579654,2.0
1148,2.6354515050167224,-2.933219590312379,2.0
1149,2.6622073578595318,-2.5849880652368755,2.0
1150,2.688963210702341,-4.0426231675245985,2.0
1151,2.7157190635451505,-2.6656627650865787,2.0
1152,2.74247491638796,-3.1734735610985236,2.0
1153,2.769230769230769,-3.618662857095462,2.0
1154,2.7959866220735785,-2.656018708343393,2.0
1155,2.822742474916388,-2.284636954240446,2.0
1156,2.849498327759197,-2.86217716876297,2.0
1157,2.8762541806020065,-2.398627490287579,2.0
1158,2.903010033444816,-2.1069122277960783,2.0
1159,2.9297658862876252,-2.197354223917439,2.0
1160,2.9565217391304346,-2.0382634725696462,2.0
1161,2.983277591973244,-2.3677418072150425,2.0
1162,3.0100334448160533,-2.604157324939185,2.0
1163,3.0367892976588626,-3.2442284235243823,2.0
1164,3.063545150501672,-2.6703291752006977,2.0
1165,3.0903010033444813,-2.876991475602712,2.0
1166,3.1170568561872907,-1.6384050246523447,2.0
1167,3.1438127090301,-2.543498407015229,2.0
1168,3.1705685618729094,-2.389466730686787,2.0
1169,3.1973244147157187,-2.1829691599758623,2.0
1170,3.224080267558528,-2.350111856836056,2.0
1171,3.2508361204013374,-1.652658566076001,2.0
1172,3.2775919732441468,-2.5419598421523553,2.0
1173,3.304347826086956,-2.1763276956121853,2.0
1174,3.3311036789297654,-2.511429084747026,2.0
1175,3.357859531772575,-2.701664764925998,2.0
1176,3.384615384615384,-2.376462476446887,2.0
1177,3.4113712374581935,-2.103485655142977,2.0
1178,3.438127090301003,-2.2160501467854266,2.0
1179,3.464882943143812,-2.275614481258771,2.0
1180,3.4916387959866215,-2.514054212632397,2.0
1181,3.518394648829431,-1.936108250369959,2.0
1182,3.545150501672241,-2.454429085865378,2.0
1183,3.5719063545150505,-1.4963900657627642,2.0
1184,3.59866220735786,-1.7133431754368436,2.0
1185,3.625418060200669,-2.2730927546867083,2.0
1186,3.6521739130434785,-1.7551325907585291,2.0
1187,3.678929765886288,-1.87104592021576,2.0
1188,3.705685618729097,-1.3782830819294818,2.0
1189,3.7324414715719065,-0.9021802288914093,2.0
1190,3.759197324414716,-2.11697625468851,2.0
1191,3.7859531772575252,-1.2449421389700435,2.0
1192,3.8127090301003346,-1.2737017663023549,2.0
1193,3.839464882943144,-0.8532970285896665,2.0
1194,3.8662207357859533,-0.9405562390156026,2.0
1195,3.8929765886287626,-1.2198814604449673,2.0
1196,3.919732441471572,-0.9249280318319362,2.0
1197,3.9464882943143813,-0.9705070708527097,2.0
1198,3.9732441471571907,-0.031474776711251706,2.0
1199,4.0,0.008524659468776888,2.0
